{
    "top": [
        2904277.083668017,
        0.00975427156764627,
        7.749251084598549e-06
    ],
    "bot": [
        2391768.142911532,
        2.1521826376959874,
        9.822789478959034e-06
    ]
}