{"top": [[2830050.930313392, 4.252784296376149], [2833799.6753955414, 4.981479210658335], [2844402.7295339173, 1.7315026758310523]], "bot": [[2382181.576488792, 0.3443803537995791], [2387908.037858483, 1.2687111377558722], [2398569.6958601917, -2.1074686216763894]]}