{
    "target_sigma_row": 0.21756843943889498,
    "target_sigma_col": 0.2643809006313093,
    "target_ptp_row": 1.1750675102374544
}