{
    "top": {
        "alpha": 2830050.930313392,
        "beta": 2.186477241700308,
        "knots": [
            2830050.930313392,
            2833799.6753955414,
            2844402.7295339173
        ],
        "values": [
            -2.0727176495913935,
            -3.243980552018689,
            -0.6661778400031507
        ],
        "sigma_tail": 8.81463852680244e-06,
        "echo_scale": 0.3039682965639264
    },
    "bot": {
        "alpha": 2382181.576488792,
        "beta": 0.2932750339184014,
        "knots": [
            2382181.576488792,
            2387908.037858483,
            2398569.6958601917
        ],
        "values": [
            -1.3856903115893668,
            -1.1839622737103117,
            2.450015246379326
        ],
        "sigma_tail": 8.647726089819423e-06,
        "echo_scale": 0.06080756454208517
    }
}